userCount,timeConsumption,gasUsage,runTime
1000,950918.6499999999,3173948,0
1000,935234.063,3173948,1
1000,938505.145,3173948,2
1000,964461.468,3173948,3
1000,986815.2509999999,3173948,4
1000,0,3173948,5
1000,0,3173948,6
1000,0,3173948,7
1000,0,3173948,8
1000,0,3173948,9
1000,0,3173948,10
1000,0,3173948,11
1000,0,3173948,12
1000,0,3173948,13
1000,0,3173948,14
1000,0,3173948,15
1000,0,3173948,16
1000,0,3173948,17
1000,0,3173948,18
1000,0,3173948,19
1000,0,3173948,20
1000,0,3173948,21
1000,0,3173948,22
1000,0,3173948,23
1000,0,3173948,24
1000,0,3173948,25
1000,0,3173948,26
1000,0,3173948,27
1000,0,3173948,28
1000,0,3173948,29
1000,0,3173948,30
1000,0,3173948,31
1000,0,3173948,32
1000,0,3173948,33
1000,0,3173948,34
1000,0,3173948,35
1000,0,3173948,36
1000,0,3173948,37
1000,0,3173948,38
1000,0,3173948,39
1000,0,3173948,40
1000,0,3173948,41
1000,0,3173948,42
1000,0,3173948,43
1000,0,3173948,44
1000,0,3173948,45
1000,0,3173948,46
1000,0,3173948,47
1000,0,3173948,48
1000,0,3173948,49
1000,0,3173948,50
1000,0,3173948,51
1000,0,3173948,52
1000,0,3173948,53
1000,0,3173948,54
1000,0,3173948,55
1000,0,3173948,56
1000,0,3173948,57
1000,0,3173948,58
1000,0,3173948,59
1000,0,3173948,60
1000,0,3173948,61
1000,0,3173948,62
1000,0,3173948,63
1000,0,3173948,64
1000,0,3173948,65
1000,0,3173948,66
1000,0,3173948,67
1000,0,3173948,68
1000,0,3173948,69
1000,0,3173948,70
1000,0,3173948,71
1000,0,3173948,72
1000,0,3173948,73
1000,0,3173948,74
1000,0,3173948,75
1000,0,3173948,76
1000,0,3173948,77
1000,0,3173948,78
1000,0,3173948,79
1000,0,3173948,80
1000,0,3173948,81
1000,0,3173948,82
1000,0,3173948,83
1000,0,3173948,84
1000,0,3173948,85
1000,0,3173948,86
1000,0,3173948,87
1000,0,3173948,88
1000,0,3173948,89
1000,0,3173948,90
1000,0,3173948,91
1000,0,3173948,92
1000,0,3173948,93
1000,0,3173948,94
1000,0,3173948,95
1000,0,3173948,96
1000,0,3173948,97
1000,0,3173948,98
1000,0,3173948,99
